{
"rooms": [{
	"name": "main",
	"image": "main",
	"value": 0,
	"exits": [{
		"direction": "left",
		"room_id": "Gimme!"
		}, {
		"direction": "right",
		"room_id": "kitchen"
		}],
	"monsters": []
	}, {
	"name": "kitchen",
	"image": "kitchen",
	"value": 1,
	"exits": [{
		"direction": "left",
		"room_id": "main"
		}, {
		"direction": "down",
		"room_id": "hallway"
		}, {
		"direction": "up",
		"room_id": "Gimme!"
		}],
		"monsters": []
	}, {
	"name": "hallway",
	"image": "hallway",
	"value": 2,
	"exits": [{
		"direction": "up",
		"room_id": "kitchen"
		}, {
		"direction": "left",
		"room_id": "CSOffices"
		}, {
		"direction": "down",
		"room_id": "lectureHall"
		}],
	"monsters": []
	}, {
	"name": "lectureHall",
	"image": "lectureHall",
	"value": 3,
	"exits": [{
		"direction": "up",
		"room_id": "hallway"
		}, {
		"direction": "down",
		"room_id": "CSOffices"
		}, {
		"direction": "left",
		"room_id": "copyRoom"
		}],
	"monsters": []
	}, {
	"name": "CSOffices",
	"image": "CSOffices",
	"value": 3,
	"exits": [{
		"direction": "right",
		"room_id": "lectureHall"
		}, {
		"direction": "up",
		"room_id": "hallway"
		}, {
		"direction": "left",
		"room_id": "studySpaces"
		}],
	"monsters": []
	}, {
	"name": "studySpaces",
	"image": "studySpaces",
	"value": 4,
	"exits": [{
		"direction": "right",
		"room_id": "CSOffices"
		}, {
		"direction": "left",
		"room_id": "CSUGLab"
		}, {
		"direction": "up",
		"room_id": "gradLounge"
		}],
	"monsters": []
	}, {
	"name": "CSUGLab",
	"image": "CSUGLab",
	"value":3,
	"exits": [{
		"direction": "up",
		"room_id": "profOffices"
		}, {
		"direction": "down",
		"room_id": "studySpaces"
		}, {
		"direction": "right",
		"room_id": "copyRoom"
		}],
	"monsters": []
	}, {
	"name": "copyRoom",
	"image": "copyRoom",
	"value": 4,
	"exits": [{
		"direction": "right",
		"room_id": "lectureHall"
		}, {
		"direction": "up",
		"room_id": "gradLounge"
		}, {
		"direction": "left",
		"room_id": "CSUGLab"
		}, {
		"direction": "down",
		"room_id": "ClarksonOffice"
		}],
	"monsters": []
	}, {
	"name": "ClarksonOffice",
	"image": "ClarksonOffice",
	"value": 5,
	"exits": [{
		"direction": "up",
		"room_id": "copyRoom"
		}],
	"monsters": []
	}, {
	"name": "gradLounge",
	"image": "gradLounge",
	"value": 3,
	"exits": [{
		"direction": "up",
		"room_id": "profOffices"
		}, {
		"direction": "down",
		"room_id": "copyRoom"
		}, {
		"direction": "right",
		"room_id": "studySpaces"
		}],
	"monsters": []
	}, {
	"name": "profOffices",
	"image": "profOffices",
	"value": 2,
	"exits": [{
		"direction": "right",
		"room_id": "Gimme!"
		}, {
		"direction": "left",
		"room_id": "CSUGLab"
		}, {
		"direction": "down",
		"room_id": "gradLounge"
		}],
	"monsters": []
	}, {
	"name": "Gimme!",
	"image": "Gimme!",
	"value": 1,
	"exits": [{
		"direction": "right",
		"room_id": "main"
		}, {
		"direction": "up",
		"room_id": "kitchen"
		}, {
		"direction": "left",
		"room_id": "profOffices"
		}],
	"monsters": []
	}],
"monsters": [{
	"name": "Camel",
	"level": 0,
	"image": "Camel",
	"startRoom": "copyRoom",
	"modusOperandi": "random walk",
	"timeToMove": -1,
	"teleportRoom": ["copyRoom"]
	}, {
	"name": "Bed",
	"level": 1,
	"image": "Bed",
	"startRoom": "CSOffices",
	"modusOperandi": "weighted movement",
	"timeToMove": -1,
	"teleportRoom": ["studySpaces"]
	}, {
	"name": "Ducky",
	"level": 2,
	"image": "Ducky",
	"startRoom": "ClarksonOffice",
	"modusOperandi": "foxy",
	"timeToMove": -1,
	"teleportRoom": ["copyRoom","gradLounge","profOffices","Gimme!"]
	}, {
	"name": "Camel",
	"level": 3,
	"image": "Camel",
	"startRoom": "lectureHall",
	"modusOperandi": "random walk",
	"timeToMove": -1,
	"teleportRoom": ["lectureHall"]
	}]
}
